Preview_ID,Category,Preview_File,Preview_Path,Model_File,Model_Path,Base_Object_ID,View_Number,Variant,Korean_Name,English_Name,Material_or_Ship_Type,Period_or_Date,Location,Measurement_Basis,Length_Min_m,Length_Max_m,Width_Min_m,Width_Max_m,Height_Min_m,Height_Max_m,Diameter_m,Rim_Diameter_m,Foot_Diameter_m,Bottom_Diameter_m,Inner_Base_Ring_Diameter_m,Opening_Diameter_m,Foot_Height_Inner_m,Foot_Height_Outer_m,Handle_Height_m,Handle_Diameter_m,Component_Length_m,Component_Width_m,Handle_or_Stem_Width_Min_m,Handle_or_Stem_Width_Max_m,Thickness_Min_m,Thickness_Max_m,Draft_m,Gross_Tonnage_GT,Overall_Length_m,Overall_Width_m,Overall_Height_m,Size_Status,Confidence,Estimation_Method,Source_1,Source_1_URL,Source_Page_or_Record,Source_2,Source_2_URL,Source_Notes,Model_Match_Status,Unit
ceramics_001,Ceramics,mado18-121_1.png,3d modeling/ceramics/preview_images/mado18-121_1.png,mado18-121_1.fbx,3d modeling/ceramics/original_models/mado18-121_1.fbx,mado18-121,1,view/model 1,청자매병편,Shard of Celadon Maebyeong,Celadon fragment,고려시대 추정 / Goryeo-period type,태안 마도해역 / Waters off Taean–Mado,Remaining fragment measurements,,,,,0.082,0.082,,0.052,,,,,,,,,,,,,0.0045,0.0085,,,0.052,0.052,0.082,Source-reported remaining dimensions,High,,2021년 태안 마도해역 시굴조사 보고서 / Waters off the Taean–Mado Underwater Excavation (2021),https://www.seamuse.go.kr/resources/academiccultural/info/2894,"p.132, record 096",GitHub project inventory and model metadata,https://github.com/KateHwang0929/shipwreck-sonar-ai/tree/main/3d%20modeling,The complete vessel diameter is not preserved; 0.052 m is the preserved/reconstructed rim envelope used for scaling.,Exact basename match in current repository inventory,m
ceramics_002,Ceramics,mado18-121_2.png,3d modeling/ceramics/preview_images/mado18-121_2.png,mado18-121_2.fbx,3d modeling/ceramics/original_models/mado18-121_2.fbx,mado18-121,2,view/model 2,청자매병편,Shard of Celadon Maebyeong,Celadon fragment,고려시대 추정 / Goryeo-period type,태안 마도해역 / Waters off Taean–Mado,Remaining fragment measurements,,,,,0.082,0.082,,0.052,,,,,,,,,,,,,0.0045,0.0085,,,0.052,0.052,0.082,Source-reported remaining dimensions,High,,2021년 태안 마도해역 시굴조사 보고서 / Waters off the Taean–Mado Underwater Excavation (2021),https://www.seamuse.go.kr/resources/academiccultural/info/2894,"p.132, record 096",GitHub project inventory and model metadata,https://github.com/KateHwang0929/shipwreck-sonar-ai/tree/main/3d%20modeling,The complete vessel diameter is not preserved; 0.052 m is the preserved/reconstructed rim envelope used for scaling.,Exact basename match in current repository inventory,m
ceramics_003,Ceramics,mado18-121_3.png,3d modeling/ceramics/preview_images/mado18-121_3.png,mado18-121_3.fbx,3d modeling/ceramics/original_models/mado18-121_3.fbx,mado18-121,3,view/model 3,청자매병편,Shard of Celadon Maebyeong,Celadon fragment,고려시대 추정 / Goryeo-period type,태안 마도해역 / Waters off Taean–Mado,Remaining fragment measurements,,,,,0.082,0.082,,0.052,,,,,,,,,,,,,0.0045,0.0085,,,0.052,0.052,0.082,Source-reported remaining dimensions,High,,2021년 태안 마도해역 시굴조사 보고서 / Waters off the Taean–Mado Underwater Excavation (2021),https://www.seamuse.go.kr/resources/academiccultural/info/2894,"p.132, record 096",GitHub project inventory and model metadata,https://github.com/KateHwang0929/shipwreck-sonar-ai/tree/main/3d%20modeling,The complete vessel diameter is not preserved; 0.052 m is the preserved/reconstructed rim envelope used for scaling.,Exact basename match in current repository inventory,m
ceramics_004,Ceramics,mado18-130_1.png,3d modeling/ceramics/preview_images/mado18-130_1.png,mado18-130_1.fbx,3d modeling/ceramics/original_models/mado18-130_1.fbx,mado18-130,1,view/model 1,도기접시,Earthenware Dish,Earthenware dish,,태안 마도해역 / Waters off Taean–Mado,Measured object,,,,,0.027,0.027,,0.091,0.04,,,,0.0035,0.007,,,,,,,0.003,0.007,,,0.091,0.091,0.027,Source-reported dimensions,High,,2021년 태안 마도해역 시굴조사 보고서 / Waters off the Taean–Mado Underwater Excavation (2021),https://www.seamuse.go.kr/resources/academiccultural/info/2894,"p.148, record 118",GitHub project inventory and model metadata,https://github.com/KateHwang0929/shipwreck-sonar-ai/tree/main/3d%20modeling,,Exact basename match in current repository inventory,m
ceramics_005,Ceramics,mado18-130_2.png,3d modeling/ceramics/preview_images/mado18-130_2.png,mado18-130_2.fbx,3d modeling/ceramics/original_models/mado18-130_2.fbx,mado18-130,2,view/model 2,도기접시,Earthenware Dish,Earthenware dish,,태안 마도해역 / Waters off Taean–Mado,Measured object,,,,,0.027,0.027,,0.091,0.04,,,,0.0035,0.007,,,,,,,0.003,0.007,,,0.091,0.091,0.027,Source-reported dimensions,High,,2021년 태안 마도해역 시굴조사 보고서 / Waters off the Taean–Mado Underwater Excavation (2021),https://www.seamuse.go.kr/resources/academiccultural/info/2894,"p.148, record 118",GitHub project inventory and model metadata,https://github.com/KateHwang0929/shipwreck-sonar-ai/tree/main/3d%20modeling,,Exact basename match in current repository inventory,m
ceramics_006,Ceramics,mado18-130_3.png,3d modeling/ceramics/preview_images/mado18-130_3.png,mado18-130_3.fbx,3d modeling/ceramics/original_models/mado18-130_3.fbx,mado18-130,3,view/model 3,도기접시,Earthenware Dish,Earthenware dish,,태안 마도해역 / Waters off Taean–Mado,Measured object,,,,,0.027,0.027,,0.091,0.04,,,,0.0035,0.007,,,,,,,0.003,0.007,,,0.091,0.091,0.027,Source-reported dimensions,High,,2021년 태안 마도해역 시굴조사 보고서 / Waters off the Taean–Mado Underwater Excavation (2021),https://www.seamuse.go.kr/resources/academiccultural/info/2894,"p.148, record 118",GitHub project inventory and model metadata,https://github.com/KateHwang0929/shipwreck-sonar-ai/tree/main/3d%20modeling,,Exact basename match in current repository inventory,m
ceramics_007,Ceramics,mado18-154_1.png,3d modeling/ceramics/preview_images/mado18-154_1.png,mado18-154_1.fbx,3d modeling/ceramics/original_models/mado18-154_1.fbx,mado18-154,1,view/model 1,청자음각연판문발,Celadon Bowl with Incised Lotus-Petal Design,Celadon bowl,고려시대 / Goryeo period,태안 마도해역 / Waters off Taean–Mado,Measured object; height is a range,,,,,0.071,0.073,,0.16,0.06,,0.032,,0.0015,0.0075,,,,,,,0.0035,0.0085,,,0.16,0.16,0.073,Source-reported dimensions,High,,2021년 태안 마도해역 시굴조사 보고서 / Waters off the Taean–Mado Underwater Excavation (2021),https://www.seamuse.go.kr/resources/academiccultural/info/2894,"p.79, record 015",GitHub project inventory and model metadata,https://github.com/KateHwang0929/shipwreck-sonar-ai/tree/main/3d%20modeling,,Exact basename match in current repository inventory,m
ceramics_008,Ceramics,mado18-154_2.png,3d modeling/ceramics/preview_images/mado18-154_2.png,mado18-154_2.fbx,3d modeling/ceramics/original_models/mado18-154_2.fbx,mado18-154,2,view/model 2,청자음각연판문발,Celadon Bowl with Incised Lotus-Petal Design,Celadon bowl,고려시대 / Goryeo period,태안 마도해역 / Waters off Taean–Mado,Measured object; height is a range,,,,,0.071,0.073,,0.16,0.06,,0.032,,0.0015,0.0075,,,,,,,0.0035,0.0085,,,0.16,0.16,0.073,Source-reported dimensions,High,,2021년 태안 마도해역 시굴조사 보고서 / Waters off the Taean–Mado Underwater Excavation (2021),https://www.seamuse.go.kr/resources/academiccultural/info/2894,"p.79, record 015",GitHub project inventory and model metadata,https://github.com/KateHwang0929/shipwreck-sonar-ai/tree/main/3d%20modeling,,Exact basename match in current repository inventory,m
ceramics_009,Ceramics,mado18-154_3.png,3d modeling/ceramics/preview_images/mado18-154_3.png,mado18-154_3.fbx,3d modeling/ceramics/original_models/mado18-154_3.fbx,mado18-154,3,view/model 3,청자음각연판문발,Celadon Bowl with Incised Lotus-Petal Design,Celadon bowl,고려시대 / Goryeo period,태안 마도해역 / Waters off Taean–Mado,Measured object; height is a range,,,,,0.071,0.073,,0.16,0.06,,0.032,,0.0015,0.0075,,,,,,,0.0035,0.0085,,,0.16,0.16,0.073,Source-reported dimensions,High,,2021년 태안 마도해역 시굴조사 보고서 / Waters off the Taean–Mado Underwater Excavation (2021),https://www.seamuse.go.kr/resources/academiccultural/info/2894,"p.79, record 015",GitHub project inventory and model metadata,https://github.com/KateHwang0929/shipwreck-sonar-ai/tree/main/3d%20modeling,,Exact basename match in current repository inventory,m
ceramics_010,Ceramics,mado18-20_1.png,3d modeling/ceramics/preview_images/mado18-20_1.png,mado18-20_1.fbx,3d modeling/ceramics/original_models/mado18-20_1.fbx,mado18-20,1,view/model 1,도기소병,Earthenware Small Bottle,Chinese earthenware bottle,중국 도기 / Chinese earthenware,태안 마도해역 / Waters off Taean–Mado,Measured object; height is a range,,,,,0.1,0.111,,0.046,0.042,,,,,,,,,,,,0.005,0.0085,,,0.046,0.046,0.111,Source-reported dimensions,High,,2021년 태안 마도해역 시굴조사 보고서 / Waters off the Taean–Mado Underwater Excavation (2021),https://www.seamuse.go.kr/resources/academiccultural/info/2894,"p.170, record 152",GitHub project inventory and model metadata,https://github.com/KateHwang0929/shipwreck-sonar-ai/tree/main/3d%20modeling,,Exact basename match in current repository inventory,m
ceramics_011,Ceramics,mado18-20_2.png,3d modeling/ceramics/preview_images/mado18-20_2.png,mado18-20_2.fbx,3d modeling/ceramics/original_models/mado18-20_2.fbx,mado18-20,2,view/model 2,도기소병,Earthenware Small Bottle,Chinese earthenware bottle,중국 도기 / Chinese earthenware,태안 마도해역 / Waters off Taean–Mado,Measured object; height is a range,,,,,0.1,0.111,,0.046,0.042,,,,,,,,,,,,0.005,0.0085,,,0.046,0.046,0.111,Source-reported dimensions,High,,2021년 태안 마도해역 시굴조사 보고서 / Waters off the Taean–Mado Underwater Excavation (2021),https://www.seamuse.go.kr/resources/academiccultural/info/2894,"p.170, record 152",GitHub project inventory and model metadata,https://github.com/KateHwang0929/shipwreck-sonar-ai/tree/main/3d%20modeling,,Exact basename match in current repository inventory,m
ceramics_012,Ceramics,mado18-20_3.png,3d modeling/ceramics/preview_images/mado18-20_3.png,mado18-20_3.fbx,3d modeling/ceramics/original_models/mado18-20_3.fbx,mado18-20,3,view/model 3,도기소병,Earthenware Small Bottle,Chinese earthenware bottle,중국 도기 / Chinese earthenware,태안 마도해역 / Waters off Taean–Mado,Measured object; height is a range,,,,,0.1,0.111,,0.046,0.042,,,,,,,,,,,,0.005,0.0085,,,0.046,0.046,0.111,Source-reported dimensions,High,,2021년 태안 마도해역 시굴조사 보고서 / Waters off the Taean–Mado Underwater Excavation (2021),https://www.seamuse.go.kr/resources/academiccultural/info/2894,"p.170, record 152",GitHub project inventory and model metadata,https://github.com/KateHwang0929/shipwreck-sonar-ai/tree/main/3d%20modeling,,Exact basename match in current repository inventory,m
ceramics_013,Ceramics,mado18-27_1.png,3d modeling/ceramics/preview_images/mado18-27_1.png,mado18-27_1.fbx,3d modeling/ceramics/original_models/mado18-27_1.fbx,mado18-27,1,view/model 1,청자발,Celadon Bowl,"Celadon bowl, type II-1Aa",고려시대 / Goryeo period,태안 마도해역 / Waters off Taean–Mado,Measured object,,,,,0.06,0.06,,0.164,0.066,,,,0.0055,0.009,,,,,,,0.004,0.008,,,0.164,0.164,0.06,Source-reported dimensions,High,,2021년 태안 마도해역 시굴조사 보고서 / Waters off the Taean–Mado Underwater Excavation (2021),https://www.seamuse.go.kr/resources/academiccultural/info/2894,"p.75, record 007",GitHub project inventory and model metadata,https://github.com/KateHwang0929/shipwreck-sonar-ai/tree/main/3d%20modeling,,Exact basename match in current repository inventory,m
ceramics_014,Ceramics,mado18-27_2.png,3d modeling/ceramics/preview_images/mado18-27_2.png,mado18-27_2.fbx,3d modeling/ceramics/original_models/mado18-27_2.fbx,mado18-27,2,view/model 2,청자발,Celadon Bowl,"Celadon bowl, type II-1Aa",고려시대 / Goryeo period,태안 마도해역 / Waters off Taean–Mado,Measured object,,,,,0.06,0.06,,0.164,0.066,,,,0.0055,0.009,,,,,,,0.004,0.008,,,0.164,0.164,0.06,Source-reported dimensions,High,,2021년 태안 마도해역 시굴조사 보고서 / Waters off the Taean–Mado Underwater Excavation (2021),https://www.seamuse.go.kr/resources/academiccultural/info/2894,"p.75, record 007",GitHub project inventory and model metadata,https://github.com/KateHwang0929/shipwreck-sonar-ai/tree/main/3d%20modeling,,Exact basename match in current repository inventory,m
ceramics_015,Ceramics,mado18-27_3.png,3d modeling/ceramics/preview_images/mado18-27_3.png,mado18-27_3.fbx,3d modeling/ceramics/original_models/mado18-27_3.fbx,mado18-27,3,view/model 3,청자발,Celadon Bowl,"Celadon bowl, type II-1Aa",고려시대 / Goryeo period,태안 마도해역 / Waters off Taean–Mado,Measured object,,,,,0.06,0.06,,0.164,0.066,,,,0.0055,0.009,,,,,,,0.004,0.008,,,0.164,0.164,0.06,Source-reported dimensions,High,,2021년 태안 마도해역 시굴조사 보고서 / Waters off the Taean–Mado Underwater Excavation (2021),https://www.seamuse.go.kr/resources/academiccultural/info/2894,"p.75, record 007",GitHub project inventory and model metadata,https://github.com/KateHwang0929/shipwreck-sonar-ai/tree/main/3d%20modeling,,Exact basename match in current repository inventory,m
ceramics_016,Ceramics,mado18-28_1.png,3d modeling/ceramics/preview_images/mado18-28_1.png,mado18-28_1.fbx,3d modeling/ceramics/original_models/mado18-28_1.fbx,mado18-28,1,view/model 1,암키와편,Shard of Concave Roof Tile,Roof tile fragment,,태안 마도해역 / Waters off Taean–Mado,Remaining fragment measurements,0.219,0.219,0.142,0.142,,,,,,,,,,,,,,,,,0.013,0.015,,,0.219,0.142,0.015,Source-reported remaining dimensions,High,,2021년 태안 마도해역 시굴조사 보고서 / Waters off the Taean–Mado Underwater Excavation (2021),https://www.seamuse.go.kr/resources/academiccultural/info/2894,"p.177, record 157",GitHub project inventory and model metadata,https://github.com/KateHwang0929/shipwreck-sonar-ai/tree/main/3d%20modeling,,Exact basename match in current repository inventory,m
ceramics_017,Ceramics,mado18-28_2.png,3d modeling/ceramics/preview_images/mado18-28_2.png,mado18-28_2.fbx,3d modeling/ceramics/original_models/mado18-28_2.fbx,mado18-28,2,view/model 2,암키와편,Shard of Concave Roof Tile,Roof tile fragment,,태안 마도해역 / Waters off Taean–Mado,Remaining fragment measurements,0.219,0.219,0.142,0.142,,,,,,,,,,,,,,,,,0.013,0.015,,,0.219,0.142,0.015,Source-reported remaining dimensions,High,,2021년 태안 마도해역 시굴조사 보고서 / Waters off the Taean–Mado Underwater Excavation (2021),https://www.seamuse.go.kr/resources/academiccultural/info/2894,"p.177, record 157",GitHub project inventory and model metadata,https://github.com/KateHwang0929/shipwreck-sonar-ai/tree/main/3d%20modeling,,Exact basename match in current repository inventory,m
ceramics_018,Ceramics,mado18-28_3.png,3d modeling/ceramics/preview_images/mado18-28_3.png,mado18-28_3.fbx,3d modeling/ceramics/original_models/mado18-28_3.fbx,mado18-28,3,view/model 3,암키와편,Shard of Concave Roof Tile,Roof tile fragment,,태안 마도해역 / Waters off Taean–Mado,Remaining fragment measurements,0.219,0.219,0.142,0.142,,,,,,,,,,,,,,,,,0.013,0.015,,,0.219,0.142,0.015,Source-reported remaining dimensions,High,,2021년 태안 마도해역 시굴조사 보고서 / Waters off the Taean–Mado Underwater Excavation (2021),https://www.seamuse.go.kr/resources/academiccultural/info/2894,"p.177, record 157",GitHub project inventory and model metadata,https://github.com/KateHwang0929/shipwreck-sonar-ai/tree/main/3d%20modeling,,Exact basename match in current repository inventory,m
ceramics_019,Ceramics,mado18-28_4.png,3d modeling/ceramics/preview_images/mado18-28_4.png,mado18-28_4.fbx,3d modeling/ceramics/original_models/mado18-28_4.fbx,mado18-28,4,view/model 4,암키와편,Shard of Concave Roof Tile,Roof tile fragment,,태안 마도해역 / Waters off Taean–Mado,Remaining fragment measurements,0.219,0.219,0.142,0.142,,,,,,,,,,,,,,,,,0.013,0.015,,,0.219,0.142,0.015,Source-reported remaining dimensions,High,,2021년 태안 마도해역 시굴조사 보고서 / Waters off the Taean–Mado Underwater Excavation (2021),https://www.seamuse.go.kr/resources/academiccultural/info/2894,"p.177, record 157",GitHub project inventory and model metadata,https://github.com/KateHwang0929/shipwreck-sonar-ai/tree/main/3d%20modeling,,Exact basename match in current repository inventory,m
ceramics_020,Ceramics,mado18-2_1.png,3d modeling/ceramics/preview_images/mado18-2_1.png,mado18-2_1.fbx,3d modeling/ceramics/original_models/mado18-2_1.fbx,mado18-2,1,view/model 1,도기사이호편,Shard of Four-Handled Jar with Brown Glaze,Chinese brown-glazed earthenware jar fragment,12세기 전반–15세기 추정 / Estimated 12th–15th century,태안 마도해역 / Waters off Taean–Mado,Preserved height and restored rim diameter,,,,,0.076,0.076,,0.071,,,,,,,,,,,,,0.003,0.007,,,0.071,0.071,0.076,Mixed preserved and restored dimensions,High,,2021년 태안 마도해역 시굴조사 보고서 / Waters off the Taean–Mado Underwater Excavation (2021),https://www.seamuse.go.kr/resources/academiccultural/info/2894,"p.171, record 153",GitHub project inventory and model metadata,https://github.com/KateHwang0929/shipwreck-sonar-ai/tree/main/3d%20modeling,The report's English caption reads 'Shard of Four Handles Jar with brown glaze'; wording is normalized here to 'Four-Handled'.,Exact basename match in current repository inventory,m
ceramics_021,Ceramics,mado18-2_2.png,3d modeling/ceramics/preview_images/mado18-2_2.png,mado18-2_2.fbx,3d modeling/ceramics/original_models/mado18-2_2.fbx,mado18-2,2,view/model 2,도기사이호편,Shard of Four-Handled Jar with Brown Glaze,Chinese brown-glazed earthenware jar fragment,12세기 전반–15세기 추정 / Estimated 12th–15th century,태안 마도해역 / Waters off Taean–Mado,Preserved height and restored rim diameter,,,,,0.076,0.076,,0.071,,,,,,,,,,,,,0.003,0.007,,,0.071,0.071,0.076,Mixed preserved and restored dimensions,High,,2021년 태안 마도해역 시굴조사 보고서 / Waters off the Taean–Mado Underwater Excavation (2021),https://www.seamuse.go.kr/resources/academiccultural/info/2894,"p.171, record 153",GitHub project inventory and model metadata,https://github.com/KateHwang0929/shipwreck-sonar-ai/tree/main/3d%20modeling,The report's English caption reads 'Shard of Four Handles Jar with brown glaze'; wording is normalized here to 'Four-Handled'.,Exact basename match in current repository inventory,m
ceramics_022,Ceramics,mado18-2_3.png,3d modeling/ceramics/preview_images/mado18-2_3.png,mado18-2_3.fbx,3d modeling/ceramics/original_models/mado18-2_3.fbx,mado18-2,3,view/model 3,도기사이호편,Shard of Four-Handled Jar with Brown Glaze,Chinese brown-glazed earthenware jar fragment,12세기 전반–15세기 추정 / Estimated 12th–15th century,태안 마도해역 / Waters off Taean–Mado,Preserved height and restored rim diameter,,,,,0.076,0.076,,0.071,,,,,,,,,,,,,0.003,0.007,,,0.071,0.071,0.076,Mixed preserved and restored dimensions,High,,2021년 태안 마도해역 시굴조사 보고서 / Waters off the Taean–Mado Underwater Excavation (2021),https://www.seamuse.go.kr/resources/academiccultural/info/2894,"p.171, record 153",GitHub project inventory and model metadata,https://github.com/KateHwang0929/shipwreck-sonar-ai/tree/main/3d%20modeling,The report's English caption reads 'Shard of Four Handles Jar with brown glaze'; wording is normalized here to 'Four-Handled'.,Exact basename match in current repository inventory,m
ceramics_023,Ceramics,mado18-39_1.png,3d modeling/ceramics/preview_images/mado18-39_1.png,mado18-39_1.fbx,3d modeling/ceramics/original_models/mado18-39_1.fbx,mado18-39,1,view/model 1,청자잔,Celadon Cup,Celadon cup,고려시대 / Goryeo period,태안 마도해역 / Waters off Taean–Mado,Measured object; height is a range,,,,,0.048,0.049,,0.086,0.041,,,,0.002,0.0045,,,,,,,0.0035,0.006,,,0.086,0.086,0.049,Source-reported dimensions,High,,2021년 태안 마도해역 시굴조사 보고서 / Waters off the Taean–Mado Underwater Excavation (2021),https://www.seamuse.go.kr/resources/academiccultural/info/2894,"p.126, record 087",GitHub project inventory and model metadata,https://github.com/KateHwang0929/shipwreck-sonar-ai/tree/main/3d%20modeling,,Exact basename match in current repository inventory,m
ceramics_024,Ceramics,mado18-39_2.png,3d modeling/ceramics/preview_images/mado18-39_2.png,mado18-39_2.fbx,3d modeling/ceramics/original_models/mado18-39_2.fbx,mado18-39,2,view/model 2,청자잔,Celadon Cup,Celadon cup,고려시대 / Goryeo period,태안 마도해역 / Waters off Taean–Mado,Measured object; height is a range,,,,,0.048,0.049,,0.086,0.041,,,,0.002,0.0045,,,,,,,0.0035,0.006,,,0.086,0.086,0.049,Source-reported dimensions,High,,2021년 태안 마도해역 시굴조사 보고서 / Waters off the Taean–Mado Underwater Excavation (2021),https://www.seamuse.go.kr/resources/academiccultural/info/2894,"p.126, record 087",GitHub project inventory and model metadata,https://github.com/KateHwang0929/shipwreck-sonar-ai/tree/main/3d%20modeling,,Exact basename match in current repository inventory,m
ceramics_025,Ceramics,mado18-39_3.png,3d modeling/ceramics/preview_images/mado18-39_3.png,mado18-39_3.fbx,3d modeling/ceramics/original_models/mado18-39_3.fbx,mado18-39,3,view/model 3,청자잔,Celadon Cup,Celadon cup,고려시대 / Goryeo period,태안 마도해역 / Waters off Taean–Mado,Measured object; height is a range,,,,,0.048,0.049,,0.086,0.041,,,,0.002,0.0045,,,,,,,0.0035,0.006,,,0.086,0.086,0.049,Source-reported dimensions,High,,2021년 태안 마도해역 시굴조사 보고서 / Waters off the Taean–Mado Underwater Excavation (2021),https://www.seamuse.go.kr/resources/academiccultural/info/2894,"p.126, record 087",GitHub project inventory and model metadata,https://github.com/KateHwang0929/shipwreck-sonar-ai/tree/main/3d%20modeling,,Exact basename match in current repository inventory,m
ceramics_026,Ceramics,mado18-40_1.png,3d modeling/ceramics/preview_images/mado18-40_1.png,mado18-40_1.fbx,3d modeling/ceramics/original_models/mado18-40_1.fbx,mado18-40,1,view/model 1,청자상감국화여지문발,Celadon Bowl with Inlaid Chrysanthemum and Litchi Design,Inlaid celadon bowl,고려시대 / Goryeo period,태안 마도해역 / Waters off Taean–Mado,Measured object; height is a range,,,,,0.066,0.068,,0.202,0.062,,,,0.007,0.005,,,,,,,0.0035,0.012,,,0.202,0.202,0.068,Source-reported dimensions,High,,2021년 태안 마도해역 시굴조사 보고서 / Waters off the Taean–Mado Underwater Excavation (2021),https://www.seamuse.go.kr/resources/academiccultural/info/2894,"p.87, record 027",GitHub project inventory and model metadata,https://github.com/KateHwang0929/shipwreck-sonar-ai/tree/main/3d%20modeling,,Exact basename match in current repository inventory,m
ceramics_027,Ceramics,mado18-40_2.png,3d modeling/ceramics/preview_images/mado18-40_2.png,mado18-40_2.fbx,3d modeling/ceramics/original_models/mado18-40_2.fbx,mado18-40,2,view/model 2,청자상감국화여지문발,Celadon Bowl with Inlaid Chrysanthemum and Litchi Design,Inlaid celadon bowl,고려시대 / Goryeo period,태안 마도해역 / Waters off Taean–Mado,Measured object; height is a range,,,,,0.066,0.068,,0.202,0.062,,,,0.007,0.005,,,,,,,0.0035,0.012,,,0.202,0.202,0.068,Source-reported dimensions,High,,2021년 태안 마도해역 시굴조사 보고서 / Waters off the Taean–Mado Underwater Excavation (2021),https://www.seamuse.go.kr/resources/academiccultural/info/2894,"p.87, record 027",GitHub project inventory and model metadata,https://github.com/KateHwang0929/shipwreck-sonar-ai/tree/main/3d%20modeling,,Exact basename match in current repository inventory,m
ceramics_028,Ceramics,mado18-40_3.png,3d modeling/ceramics/preview_images/mado18-40_3.png,mado18-40_3.fbx,3d modeling/ceramics/original_models/mado18-40_3.fbx,mado18-40,3,view/model 3,청자상감국화여지문발,Celadon Bowl with Inlaid Chrysanthemum and Litchi Design,Inlaid celadon bowl,고려시대 / Goryeo period,태안 마도해역 / Waters off Taean–Mado,Measured object; height is a range,,,,,0.066,0.068,,0.202,0.062,,,,0.007,0.005,,,,,,,0.0035,0.012,,,0.202,0.202,0.068,Source-reported dimensions,High,,2021년 태안 마도해역 시굴조사 보고서 / Waters off the Taean–Mado Underwater Excavation (2021),https://www.seamuse.go.kr/resources/academiccultural/info/2894,"p.87, record 027",GitHub project inventory and model metadata,https://github.com/KateHwang0929/shipwreck-sonar-ai/tree/main/3d%20modeling,,Exact basename match in current repository inventory,m
ceramics_029,Ceramics,mado18-69_1.png,3d modeling/ceramics/preview_images/mado18-69_1.png,mado18-69_1.fbx,3d modeling/ceramics/original_models/mado18-69_1.fbx,mado18-69,1,view/model 1,암키와편,Shard of Concave Roof Tile,Roof tile fragment,,태안 마도해역 / Waters off Taean–Mado,Remaining fragment measurements,0.285,0.285,0.115,0.115,,,,,,,,,,,,,,,,,0.013,0.015,,,0.285,0.115,0.015,Source-reported remaining dimensions,High,,2021년 태안 마도해역 시굴조사 보고서 / Waters off the Taean–Mado Underwater Excavation (2021),https://www.seamuse.go.kr/resources/academiccultural/info/2894,"p.178, record 160",GitHub project inventory and model metadata,https://github.com/KateHwang0929/shipwreck-sonar-ai/tree/main/3d%20modeling,,Exact basename match in current repository inventory,m
ceramics_030,Ceramics,mado18-69_2.png,3d modeling/ceramics/preview_images/mado18-69_2.png,mado18-69_2.fbx,3d modeling/ceramics/original_models/mado18-69_2.fbx,mado18-69,2,view/model 2,암키와편,Shard of Concave Roof Tile,Roof tile fragment,,태안 마도해역 / Waters off Taean–Mado,Remaining fragment measurements,0.285,0.285,0.115,0.115,,,,,,,,,,,,,,,,,0.013,0.015,,,0.285,0.115,0.015,Source-reported remaining dimensions,High,,2021년 태안 마도해역 시굴조사 보고서 / Waters off the Taean–Mado Underwater Excavation (2021),https://www.seamuse.go.kr/resources/academiccultural/info/2894,"p.178, record 160",GitHub project inventory and model metadata,https://github.com/KateHwang0929/shipwreck-sonar-ai/tree/main/3d%20modeling,,Exact basename match in current repository inventory,m
ceramics_031,Ceramics,mado18-69_3.png,3d modeling/ceramics/preview_images/mado18-69_3.png,mado18-69_3.fbx,3d modeling/ceramics/original_models/mado18-69_3.fbx,mado18-69,3,view/model 3,암키와편,Shard of Concave Roof Tile,Roof tile fragment,,태안 마도해역 / Waters off Taean–Mado,Remaining fragment measurements,0.285,0.285,0.115,0.115,,,,,,,,,,,,,,,,,0.013,0.015,,,0.285,0.115,0.015,Source-reported remaining dimensions,High,,2021년 태안 마도해역 시굴조사 보고서 / Waters off the Taean–Mado Underwater Excavation (2021),https://www.seamuse.go.kr/resources/academiccultural/info/2894,"p.178, record 160",GitHub project inventory and model metadata,https://github.com/KateHwang0929/shipwreck-sonar-ai/tree/main/3d%20modeling,,Exact basename match in current repository inventory,m
ceramics_032,Ceramics,mado19-12_1.png,3d modeling/ceramics/preview_images/mado19-12_1.png,mado19-12_1.fbx,3d modeling/ceramics/original_models/mado19-12_1.fbx,mado19-12,1,view/model 1,청자잔,Celadon Cup,Celadon cup,고려시대 / Goryeo period,태안 마도해역 / Waters off Taean–Mado,Measured object; height is a range,,,,,0.049,0.051,,0.084,0.046,,,,0.003,0.006,,,,,,,0.0025,0.0045,,,0.084,0.084,0.051,Source-reported dimensions,High,,2021년 태안 마도해역 시굴조사 보고서 / Waters off the Taean–Mado Underwater Excavation (2021),https://www.seamuse.go.kr/resources/academiccultural/info/2894,"p.128, record 091",GitHub project inventory and model metadata,https://github.com/KateHwang0929/shipwreck-sonar-ai/tree/main/3d%20modeling,,Exact basename match in current repository inventory,m
ceramics_033,Ceramics,mado19-12_2.png,3d modeling/ceramics/preview_images/mado19-12_2.png,mado19-12_2.fbx,3d modeling/ceramics/original_models/mado19-12_2.fbx,mado19-12,2,view/model 2,청자잔,Celadon Cup,Celadon cup,고려시대 / Goryeo period,태안 마도해역 / Waters off Taean–Mado,Measured object; height is a range,,,,,0.049,0.051,,0.084,0.046,,,,0.003,0.006,,,,,,,0.0025,0.0045,,,0.084,0.084,0.051,Source-reported dimensions,High,,2021년 태안 마도해역 시굴조사 보고서 / Waters off the Taean–Mado Underwater Excavation (2021),https://www.seamuse.go.kr/resources/academiccultural/info/2894,"p.128, record 091",GitHub project inventory and model metadata,https://github.com/KateHwang0929/shipwreck-sonar-ai/tree/main/3d%20modeling,,Exact basename match in current repository inventory,m
ceramics_034,Ceramics,mado19-12_3.png,3d modeling/ceramics/preview_images/mado19-12_3.png,mado19-12_3.fbx,3d modeling/ceramics/original_models/mado19-12_3.fbx,mado19-12,3,view/model 3,청자잔,Celadon Cup,Celadon cup,고려시대 / Goryeo period,태안 마도해역 / Waters off Taean–Mado,Measured object; height is a range,,,,,0.049,0.051,,0.084,0.046,,,,0.003,0.006,,,,,,,0.0025,0.0045,,,0.084,0.084,0.051,Source-reported dimensions,High,,2021년 태안 마도해역 시굴조사 보고서 / Waters off the Taean–Mado Underwater Excavation (2021),https://www.seamuse.go.kr/resources/academiccultural/info/2894,"p.128, record 091",GitHub project inventory and model metadata,https://github.com/KateHwang0929/shipwreck-sonar-ai/tree/main/3d%20modeling,,Exact basename match in current repository inventory,m
ceramics_035,Ceramics,mado19-29_1.png,3d modeling/ceramics/preview_images/mado19-29_1.png,mado19-29_1.fbx,3d modeling/ceramics/original_models/mado19-29_1.fbx,mado19-29,1,view/model 1,도기화로,Earthenware Brazier,Earthenware brazier,,태안 마도해역 / Waters off Taean–Mado,Measured object; height is a range,,,,,0.238,0.244,0.434,,,0.238,,,,,,,,,,,0.0065,0.013,,,0.434,0.434,0.244,Source-reported dimensions,High,,2021년 태안 마도해역 시굴조사 보고서 / Waters off the Taean–Mado Underwater Excavation (2021),https://www.seamuse.go.kr/resources/academiccultural/info/2894,"p.150, record 123",GitHub project inventory and model metadata,https://github.com/KateHwang0929/shipwreck-sonar-ai/tree/main/3d%20modeling,,Exact basename match in current repository inventory,m
ceramics_036,Ceramics,mado19-29_2.png,3d modeling/ceramics/preview_images/mado19-29_2.png,mado19-29_2.fbx,3d modeling/ceramics/original_models/mado19-29_2.fbx,mado19-29,2,view/model 2,도기화로,Earthenware Brazier,Earthenware brazier,,태안 마도해역 / Waters off Taean–Mado,Measured object; height is a range,,,,,0.238,0.244,0.434,,,0.238,,,,,,,,,,,0.0065,0.013,,,0.434,0.434,0.244,Source-reported dimensions,High,,2021년 태안 마도해역 시굴조사 보고서 / Waters off the Taean–Mado Underwater Excavation (2021),https://www.seamuse.go.kr/resources/academiccultural/info/2894,"p.150, record 123",GitHub project inventory and model metadata,https://github.com/KateHwang0929/shipwreck-sonar-ai/tree/main/3d%20modeling,,Exact basename match in current repository inventory,m
ceramics_037,Ceramics,mado19-29_3.png,3d modeling/ceramics/preview_images/mado19-29_3.png,mado19-29_3.fbx,3d modeling/ceramics/original_models/mado19-29_3.fbx,mado19-29,3,view/model 3,도기화로,Earthenware Brazier,Earthenware brazier,,태안 마도해역 / Waters off Taean–Mado,Measured object; height is a range,,,,,0.238,0.244,0.434,,,0.238,,,,,,,,,,,0.0065,0.013,,,0.434,0.434,0.244,Source-reported dimensions,High,,2021년 태안 마도해역 시굴조사 보고서 / Waters off the Taean–Mado Underwater Excavation (2021),https://www.seamuse.go.kr/resources/academiccultural/info/2894,"p.150, record 123",GitHub project inventory and model metadata,https://github.com/KateHwang0929/shipwreck-sonar-ai/tree/main/3d%20modeling,,Exact basename match in current repository inventory,m
ceramics_038,Ceramics,mado19-31_1.png,3d modeling/ceramics/preview_images/mado19-31_1.png,mado19-31_1.fbx,3d modeling/ceramics/original_models/mado19-31_1.fbx,mado19-31,1,view/model 1,청자발편,Shard of Celadon Bowl,"Celadon bowl fragment, type II-2Aa",고려시대 / Goryeo period,태안 마도해역 / Waters off Taean–Mado,Measured height; restored rim and foot diameters,,,,,0.091,0.091,,0.166,0.069,,,,0.014,0.016,,,,,,,0.003,0.0065,,,0.166,0.166,0.091,Mixed measured and restored dimensions,High,,2021년 태안 마도해역 시굴조사 보고서 / Waters off the Taean–Mado Underwater Excavation (2021),https://www.seamuse.go.kr/resources/academiccultural/info/2894,"p.77, record 012",GitHub project inventory and model metadata,https://github.com/KateHwang0929/shipwreck-sonar-ai/tree/main/3d%20modeling,,Exact basename match in current repository inventory,m
ceramics_039,Ceramics,mado19-31_2.png,3d modeling/ceramics/preview_images/mado19-31_2.png,mado19-31_2.fbx,3d modeling/ceramics/original_models/mado19-31_2.fbx,mado19-31,2,view/model 2,청자발편,Shard of Celadon Bowl,"Celadon bowl fragment, type II-2Aa",고려시대 / Goryeo period,태안 마도해역 / Waters off Taean–Mado,Measured height; restored rim and foot diameters,,,,,0.091,0.091,,0.166,0.069,,,,0.014,0.016,,,,,,,0.003,0.0065,,,0.166,0.166,0.091,Mixed measured and restored dimensions,High,,2021년 태안 마도해역 시굴조사 보고서 / Waters off the Taean–Mado Underwater Excavation (2021),https://www.seamuse.go.kr/resources/academiccultural/info/2894,"p.77, record 012",GitHub project inventory and model metadata,https://github.com/KateHwang0929/shipwreck-sonar-ai/tree/main/3d%20modeling,,Exact basename match in current repository inventory,m
ceramics_040,Ceramics,mado19-31_3.png,3d modeling/ceramics/preview_images/mado19-31_3.png,mado19-31_3.fbx,3d modeling/ceramics/original_models/mado19-31_3.fbx,mado19-31,3,view/model 3,청자발편,Shard of Celadon Bowl,"Celadon bowl fragment, type II-2Aa",고려시대 / Goryeo period,태안 마도해역 / Waters off Taean–Mado,Measured height; restored rim and foot diameters,,,,,0.091,0.091,,0.166,0.069,,,,0.014,0.016,,,,,,,0.003,0.0065,,,0.166,0.166,0.091,Mixed measured and restored dimensions,High,,2021년 태안 마도해역 시굴조사 보고서 / Waters off the Taean–Mado Underwater Excavation (2021),https://www.seamuse.go.kr/resources/academiccultural/info/2894,"p.77, record 012",GitHub project inventory and model metadata,https://github.com/KateHwang0929/shipwreck-sonar-ai/tree/main/3d%20modeling,,Exact basename match in current repository inventory,m
ceramics_041,Ceramics,mado19-7_1.png,3d modeling/ceramics/preview_images/mado19-7_1.png,mado19-7_1.fbx,3d modeling/ceramics/original_models/mado19-7_1.fbx,mado19-7,1,view/model 1,청자발편,Shard of Celadon Bowl,"Celadon bowl fragment, type II-1Aa",고려시대 / Goryeo period,태안 마도해역 / Waters off Taean–Mado,Measured height; restored rim and foot diameters,,,,,0.062,0.062,,0.168,0.066,,,,0.004,0.0095,,,,,,,0.003,0.009,,,0.168,0.168,0.062,Mixed measured and restored dimensions,High,,2021년 태안 마도해역 시굴조사 보고서 / Waters off the Taean–Mado Underwater Excavation (2021),https://www.seamuse.go.kr/resources/academiccultural/info/2894,"p.75, record 008",GitHub project inventory and model metadata,https://github.com/KateHwang0929/shipwreck-sonar-ai/tree/main/3d%20modeling,,Exact basename match in current repository inventory,m
ceramics_042,Ceramics,mado19-7_2.png,3d modeling/ceramics/preview_images/mado19-7_2.png,mado19-7_2.fbx,3d modeling/ceramics/original_models/mado19-7_2.fbx,mado19-7,2,view/model 2,청자발편,Shard of Celadon Bowl,"Celadon bowl fragment, type II-1Aa",고려시대 / Goryeo period,태안 마도해역 / Waters off Taean–Mado,Measured height; restored rim and foot diameters,,,,,0.062,0.062,,0.168,0.066,,,,0.004,0.0095,,,,,,,0.003,0.009,,,0.168,0.168,0.062,Mixed measured and restored dimensions,High,,2021년 태안 마도해역 시굴조사 보고서 / Waters off the Taean–Mado Underwater Excavation (2021),https://www.seamuse.go.kr/resources/academiccultural/info/2894,"p.75, record 008",GitHub project inventory and model metadata,https://github.com/KateHwang0929/shipwreck-sonar-ai/tree/main/3d%20modeling,,Exact basename match in current repository inventory,m
ceramics_043,Ceramics,mado19-7_3.png,3d modeling/ceramics/preview_images/mado19-7_3.png,mado19-7_3.fbx,3d modeling/ceramics/original_models/mado19-7_3.fbx,mado19-7,3,view/model 3,청자발편,Shard of Celadon Bowl,"Celadon bowl fragment, type II-1Aa",고려시대 / Goryeo period,태안 마도해역 / Waters off Taean–Mado,Measured height; restored rim and foot diameters,,,,,0.062,0.062,,0.168,0.066,,,,0.004,0.0095,,,,,,,0.003,0.009,,,0.168,0.168,0.062,Mixed measured and restored dimensions,High,,2021년 태안 마도해역 시굴조사 보고서 / Waters off the Taean–Mado Underwater Excavation (2021),https://www.seamuse.go.kr/resources/academiccultural/info/2894,"p.75, record 008",GitHub project inventory and model metadata,https://github.com/KateHwang0929/shipwreck-sonar-ai/tree/main/3d%20modeling,,Exact basename match in current repository inventory,m
metal_044,Metal,mado18-120_1.png,3d modeling/metal/preview_images/mado18-120_1.png,mado18-120_1.fbx,3d modeling/metal/original_models/mado18-120_1.fbx,mado18-120,1,view/model 1,청동제뚜껑,Bronze Lid,Bronze lid,,태안 마도해역 / Waters off Taean–Mado,Measured body and handle separately,,,,,0.029,0.03,0.166,,,,,,,,0.08,0.114,,,,,0.0005,0.01,,,0.166,0.166,0.11,Source-reported dimensions; total height combines body and handle,High,,2021년 태안 마도해역 시굴조사 보고서 / Waters off the Taean–Mado Underwater Excavation (2021),https://www.seamuse.go.kr/resources/academiccultural/info/2894,"p.208, record 199",GitHub project inventory and model metadata,https://github.com/KateHwang0929/shipwreck-sonar-ai/tree/main/3d%20modeling,,Exact basename match in current repository inventory,m
metal_045,Metal,mado18-120_2.png,3d modeling/metal/preview_images/mado18-120_2.png,mado18-120_2.fbx,3d modeling/metal/original_models/mado18-120_2.fbx,mado18-120,2,view/model 2,청동제뚜껑,Bronze Lid,Bronze lid,,태안 마도해역 / Waters off Taean–Mado,Measured body and handle separately,,,,,0.029,0.03,0.166,,,,,,,,0.08,0.114,,,,,0.0005,0.01,,,0.166,0.166,0.11,Source-reported dimensions; total height combines body and handle,High,,2021년 태안 마도해역 시굴조사 보고서 / Waters off the Taean–Mado Underwater Excavation (2021),https://www.seamuse.go.kr/resources/academiccultural/info/2894,"p.208, record 199",GitHub project inventory and model metadata,https://github.com/KateHwang0929/shipwreck-sonar-ai/tree/main/3d%20modeling,,Exact basename match in current repository inventory,m
metal_046,Metal,mado18-120_3.png,3d modeling/metal/preview_images/mado18-120_3.png,mado18-120_3.fbx,3d modeling/metal/original_models/mado18-120_3.fbx,mado18-120,3,view/model 3,청동제뚜껑,Bronze Lid,Bronze lid,,태안 마도해역 / Waters off Taean–Mado,Measured body and handle separately,,,,,0.029,0.03,0.166,,,,,,,,0.08,0.114,,,,,0.0005,0.01,,,0.166,0.166,0.11,Source-reported dimensions; total height combines body and handle,High,,2021년 태안 마도해역 시굴조사 보고서 / Waters off the Taean–Mado Underwater Excavation (2021),https://www.seamuse.go.kr/resources/academiccultural/info/2894,"p.208, record 199",GitHub project inventory and model metadata,https://github.com/KateHwang0929/shipwreck-sonar-ai/tree/main/3d%20modeling,,Exact basename match in current repository inventory,m
metal_047,Metal,mado18-36_1.png,3d modeling/metal/preview_images/mado18-36_1.png,mado18-36_1.fbx,3d modeling/metal/original_models/mado18-36_1.fbx,mado18-36,1,view/model 1,원풍통보,Yuanfeng Tongbao Coin,Copper-alloy coin,"북송 원풍 연간, 1078–1085 / Northern Song",태안 마도해역 / Waters off Taean–Mado,Measured coin,,,,,,,0.025,,,,,0.006,,,,,,,,,0.0009,0.0012,,,0.025,0.025,0.0012,Source-reported dimensions,High,,2021년 태안 마도해역 시굴조사 보고서 / Waters off the Taean–Mado Underwater Excavation (2021),https://www.seamuse.go.kr/resources/academiccultural/info/2894,"p.210, record 206",GitHub project inventory and model metadata,https://github.com/KateHwang0929/shipwreck-sonar-ai/tree/main/3d%20modeling,Opening_Diameter_m stores the reported square-hole width.,Exact basename match in current repository inventory,m
metal_048,Metal,mado18-36_2.png,3d modeling/metal/preview_images/mado18-36_2.png,mado18-36_2.fbx,3d modeling/metal/original_models/mado18-36_2.fbx,mado18-36,2,view/model 2,원풍통보,Yuanfeng Tongbao Coin,Copper-alloy coin,"북송 원풍 연간, 1078–1085 / Northern Song",태안 마도해역 / Waters off Taean–Mado,Measured coin,,,,,,,0.025,,,,,0.006,,,,,,,,,0.0009,0.0012,,,0.025,0.025,0.0012,Source-reported dimensions,High,,2021년 태안 마도해역 시굴조사 보고서 / Waters off the Taean–Mado Underwater Excavation (2021),https://www.seamuse.go.kr/resources/academiccultural/info/2894,"p.210, record 206",GitHub project inventory and model metadata,https://github.com/KateHwang0929/shipwreck-sonar-ai/tree/main/3d%20modeling,Opening_Diameter_m stores the reported square-hole width.,Exact basename match in current repository inventory,m
metal_049,Metal,mado18-44_1.png,3d modeling/metal/preview_images/mado18-44_1.png,mado18-44_1.fbx,3d modeling/metal/original_models/mado18-44_1.fbx,mado18-44,1,view/model 1,청동숟가락,Bronze Spoon,Bronze spoon,,태안 마도해역 / Waters off Taean–Mado,Measured object and components,0.203,0.203,,,,,,,,,,,,,,,0.066,0.034,0.0055,0.011,0.001,0.004,,,0.203,0.034,0.004,Source-reported dimensions,High,,2021년 태안 마도해역 시굴조사 보고서 / Waters off the Taean–Mado Underwater Excavation (2021),https://www.seamuse.go.kr/resources/academiccultural/info/2894,"p.209, record 201",GitHub project inventory and model metadata,https://github.com/KateHwang0929/shipwreck-sonar-ai/tree/main/3d%20modeling,,Exact basename match in current repository inventory,m
metal_050,Metal,mado18-44_2.png,3d modeling/metal/preview_images/mado18-44_2.png,mado18-44_2.fbx,3d modeling/metal/original_models/mado18-44_2.fbx,mado18-44,2,view/model 2,청동숟가락,Bronze Spoon,Bronze spoon,,태안 마도해역 / Waters off Taean–Mado,Measured object and components,0.203,0.203,,,,,,,,,,,,,,,0.066,0.034,0.0055,0.011,0.001,0.004,,,0.203,0.034,0.004,Source-reported dimensions,High,,2021년 태안 마도해역 시굴조사 보고서 / Waters off the Taean–Mado Underwater Excavation (2021),https://www.seamuse.go.kr/resources/academiccultural/info/2894,"p.209, record 201",GitHub project inventory and model metadata,https://github.com/KateHwang0929/shipwreck-sonar-ai/tree/main/3d%20modeling,,Exact basename match in current repository inventory,m
metal_051,Metal,mado19-20_1.png,3d modeling/metal/preview_images/mado19-20_1.png,mado19-20_1.fbx,3d modeling/metal/original_models/mado19-20_1.fbx,mado19-20,1,view/model 1,철제솥뚜껑,Iron Pot Lid,Iron pot lid,,태안 마도해역 / Waters off Taean–Mado,Measured body and handle separately,,,,,0.053,0.053,0.159,,,,,,,,0.023,,,,,,0.004,0.009,,,0.159,0.159,0.076,Source-reported dimensions; total height combines body and handle,High,,2021년 태안 마도해역 시굴조사 보고서 / Waters off the Taean–Mado Underwater Excavation (2021),https://www.seamuse.go.kr/resources/academiccultural/info/2894,"p.208, record 198",GitHub project inventory and model metadata,https://github.com/KateHwang0929/shipwreck-sonar-ai/tree/main/3d%20modeling,,Exact basename match in current repository inventory,m
metal_052,Metal,mado19-20_2.png,3d modeling/metal/preview_images/mado19-20_2.png,mado19-20_2.fbx,3d modeling/metal/original_models/mado19-20_2.fbx,mado19-20,2,view/model 2,철제솥뚜껑,Iron Pot Lid,Iron pot lid,,태안 마도해역 / Waters off Taean–Mado,Measured body and handle separately,,,,,0.053,0.053,0.159,,,,,,,,0.023,,,,,,0.004,0.009,,,0.159,0.159,0.076,Source-reported dimensions; total height combines body and handle,High,,2021년 태안 마도해역 시굴조사 보고서 / Waters off the Taean–Mado Underwater Excavation (2021),https://www.seamuse.go.kr/resources/academiccultural/info/2894,"p.208, record 198",GitHub project inventory and model metadata,https://github.com/KateHwang0929/shipwreck-sonar-ai/tree/main/3d%20modeling,,Exact basename match in current repository inventory,m
metal_053,Metal,mado19-43_1.png,3d modeling/metal/preview_images/mado19-43_1.png,mado19-43_1.fbx,3d modeling/metal/original_models/mado19-43_1.fbx,mado19-43,1,view/model 1,동제담뱃대,Copper Tobacco Pipe,Copper tobacco pipe,,태안 마도해역 / Waters off Taean–Mado,Source length and openings; envelope height estimated,0.119,0.119,,,0.025,0.035,,,,,,0.016,,,,,0.008,0.008,,,,,,,0.119,0.016,0.035,Mixed source dimensions and approximate envelope height,Medium,Height estimated from the pipe-bowl opening and preview proportions; the report does not state total height.,2021년 태안 마도해역 시굴조사 보고서 / Waters off the Taean–Mado Underwater Excavation (2021),https://www.seamuse.go.kr/resources/academiccultural/info/2894,"p.207, record 207",GitHub project inventory and model metadata,https://github.com/KateHwang0929/shipwreck-sonar-ai/tree/main/3d%20modeling,,Exact basename match in current repository inventory,m
metal_054,Metal,mado19-43_2.png,3d modeling/metal/preview_images/mado19-43_2.png,mado19-43_2.fbx,3d modeling/metal/original_models/mado19-43_2.fbx,mado19-43,2,view/model 2,동제담뱃대,Copper Tobacco Pipe,Copper tobacco pipe,,태안 마도해역 / Waters off Taean–Mado,Source length and openings; envelope height estimated,0.119,0.119,,,0.025,0.035,,,,,,0.016,,,,,0.008,0.008,,,,,,,0.119,0.016,0.035,Mixed source dimensions and approximate envelope height,Medium,Height estimated from the pipe-bowl opening and preview proportions; the report does not state total height.,2021년 태안 마도해역 시굴조사 보고서 / Waters off the Taean–Mado Underwater Excavation (2021),https://www.seamuse.go.kr/resources/academiccultural/info/2894,"p.207, record 207",GitHub project inventory and model metadata,https://github.com/KateHwang0929/shipwreck-sonar-ai/tree/main/3d%20modeling,,Exact basename match in current repository inventory,m
metal_055,Metal,mado19-43_3.png,3d modeling/metal/preview_images/mado19-43_3.png,mado19-43_3.fbx,3d modeling/metal/original_models/mado19-43_3.fbx,mado19-43,3,view/model 3,동제담뱃대,Copper Tobacco Pipe,Copper tobacco pipe,,태안 마도해역 / Waters off Taean–Mado,Source length and openings; envelope height estimated,0.119,0.119,,,0.025,0.035,,,,,,0.016,,,,,0.008,0.008,,,,,,,0.119,0.016,0.035,Mixed source dimensions and approximate envelope height,Medium,Height estimated from the pipe-bowl opening and preview proportions; the report does not state total height.,2021년 태안 마도해역 시굴조사 보고서 / Waters off the Taean–Mado Underwater Excavation (2021),https://www.seamuse.go.kr/resources/academiccultural/info/2894,"p.207, record 207",GitHub project inventory and model metadata,https://github.com/KateHwang0929/shipwreck-sonar-ai/tree/main/3d%20modeling,,Exact basename match in current repository inventory,m
wooden_056,Wooden,mado18-160_1.png,3d modeling/wooden/preview_images/mado18-160_1.png,mado18-160_1.fbx,3d modeling/wooden/original_models/mado18-160_1.fbx,mado18-160,1,view/model 1,추정말뚝편,Fragment of a Probable Wooden Stake,Wooden stake fragment,,태안 마도해역 / Waters off Taean–Mado,Remaining fragment measurements,0.326,0.326,0.05,0.083,,,,,,,,,,,,,,,,,0.025,0.071,,,0.326,0.083,0.071,Source-reported remaining dimensions,High,,2021년 태안 마도해역 시굴조사 보고서 / Waters off the Taean–Mado Underwater Excavation (2021),https://www.seamuse.go.kr/resources/academiccultural/info/2894,"p.217, record 217",GitHub project inventory and model metadata,https://github.com/KateHwang0929/shipwreck-sonar-ai/tree/main/3d%20modeling,,Exact basename match in current repository inventory,m
wooden_057,Wooden,mado18-160_2.png,3d modeling/wooden/preview_images/mado18-160_2.png,mado18-160_2.fbx,3d modeling/wooden/original_models/mado18-160_2.fbx,mado18-160,2,view/model 2,추정말뚝편,Fragment of a Probable Wooden Stake,Wooden stake fragment,,태안 마도해역 / Waters off Taean–Mado,Remaining fragment measurements,0.326,0.326,0.05,0.083,,,,,,,,,,,,,,,,,0.025,0.071,,,0.326,0.083,0.071,Source-reported remaining dimensions,High,,2021년 태안 마도해역 시굴조사 보고서 / Waters off the Taean–Mado Underwater Excavation (2021),https://www.seamuse.go.kr/resources/academiccultural/info/2894,"p.217, record 217",GitHub project inventory and model metadata,https://github.com/KateHwang0929/shipwreck-sonar-ai/tree/main/3d%20modeling,,Exact basename match in current repository inventory,m
wooden_058,Wooden,mado18-160_3.png,3d modeling/wooden/preview_images/mado18-160_3.png,mado18-160_3.fbx,3d modeling/wooden/original_models/mado18-160_3.fbx,mado18-160,3,view/model 3,추정말뚝편,Fragment of a Probable Wooden Stake,Wooden stake fragment,,태안 마도해역 / Waters off Taean–Mado,Remaining fragment measurements,0.326,0.326,0.05,0.083,,,,,,,,,,,,,,,,,0.025,0.071,,,0.326,0.083,0.071,Source-reported remaining dimensions,High,,2021년 태안 마도해역 시굴조사 보고서 / Waters off the Taean–Mado Underwater Excavation (2021),https://www.seamuse.go.kr/resources/academiccultural/info/2894,"p.217, record 217",GitHub project inventory and model metadata,https://github.com/KateHwang0929/shipwreck-sonar-ai/tree/main/3d%20modeling,,Exact basename match in current repository inventory,m
wooden_059,Wooden,mado18-24_1.png,3d modeling/wooden/preview_images/mado18-24_1.png,mado18-24_1.fbx,3d modeling/wooden/original_models/mado18-24_1.fbx,mado18-24,1,view/model 1,용도미상 목제품,Unidentified Wooden Object,Wooden object,,태안 마도해역 / Waters off Taean–Mado,Remaining fragment measurements,0.095,0.095,0.153,0.153,,,,,,,,,,,,,,,,,0.003,0.009,,,0.095,0.153,0.009,Source-reported remaining dimensions,High,,2021년 태안 마도해역 시굴조사 보고서 / Waters off the Taean–Mado Underwater Excavation (2021),https://www.seamuse.go.kr/resources/academiccultural/info/2894,"p.216, record 216",GitHub project inventory and model metadata,https://github.com/KateHwang0929/shipwreck-sonar-ai/tree/main/3d%20modeling,,Exact basename match in current repository inventory,m
wooden_060,Wooden,mado18-24_2.png,3d modeling/wooden/preview_images/mado18-24_2.png,mado18-24_2.fbx,3d modeling/wooden/original_models/mado18-24_2.fbx,mado18-24,2,view/model 2,용도미상 목제품,Unidentified Wooden Object,Wooden object,,태안 마도해역 / Waters off Taean–Mado,Remaining fragment measurements,0.095,0.095,0.153,0.153,,,,,,,,,,,,,,,,,0.003,0.009,,,0.095,0.153,0.009,Source-reported remaining dimensions,High,,2021년 태안 마도해역 시굴조사 보고서 / Waters off the Taean–Mado Underwater Excavation (2021),https://www.seamuse.go.kr/resources/academiccultural/info/2894,"p.216, record 216",GitHub project inventory and model metadata,https://github.com/KateHwang0929/shipwreck-sonar-ai/tree/main/3d%20modeling,,Exact basename match in current repository inventory,m
modern_ship_061,Modern Ship,Aleksei_ship1.jpg,3d modeling/shipwreck/preview_images/Aleksei_ship1.jpg,Aleksei_ship1.fbx,3d modeling/shipwreck/original_models/Aleksei_ship1.fbx,aleksei,1,variant 1,알렉세이호,Aleksei,Unverified modern shipwreck,,,"Reported, derived, or approximate dimensions as labeled",55.0,70.0,9.0,12.0,5.0,8.0,,,,,,,,,,,,,,,,,,,70.0,12.0,8.0,Approximate; authoritative vessel match not found,Low,Broad envelope based on a medium steel merchant or fishing vessel model class.,GitHub preview/model filenames,https://github.com/KateHwang0929/shipwreck-sonar-ai/tree/main/3d%20modeling,Aleksei_ship1,GitHub project inventory and model metadata,https://github.com/KateHwang0929/shipwreck-sonar-ai/tree/main/3d%20modeling,No authoritative vessel identity was matched from the filename alone. Dimensions are simulation-scale estimates.,Matched to current repository model filename,m
modern_ship_062,Modern Ship,Aleksei_ship2.jpg,3d modeling/shipwreck/preview_images/Aleksei_ship2.jpg,Alesksei_ship2.fbx,3d modeling/shipwreck/original_models/Alesksei_ship2.fbx,aleksei,2,variant 2; model filename retains Alesksei spelling,알렉세이호,Aleksei,Unverified modern shipwreck,,,"Reported, derived, or approximate dimensions as labeled",55.0,70.0,9.0,12.0,5.0,8.0,,,,,,,,,,,,,,,,,,,70.0,12.0,8.0,Approximate; authoritative vessel match not found,Low,Broad envelope based on a medium steel merchant or fishing vessel model class.,GitHub preview/model filenames,https://github.com/KateHwang0929/shipwreck-sonar-ai/tree/main/3d%20modeling,Aleksei_ship2 / Alesksei_ship2,GitHub project inventory and model metadata,https://github.com/KateHwang0929/shipwreck-sonar-ai/tree/main/3d%20modeling,No authoritative vessel identity was matched from the filename alone. Dimensions are simulation-scale estimates.,Matched to current repository model filename,m
modern_ship_063,Modern Ship,Cosmos_ship.jpg,3d modeling/shipwreck/preview_images/Cosmos_ship.jpg,Cosmos_ship.fbx,3d modeling/shipwreck/original_models/Cosmos_ship.fbx,cosmos,1,single project model,코스모스호,Cosmos,Unverified modern shipwreck,,,"Reported, derived, or approximate dimensions as labeled",60.0,75.0,11.0,14.0,6.0,9.0,,,,,,,,,,,,,,,,,,,75.0,14.0,9.0,Approximate; authoritative vessel match not found,Low,Broad envelope based on a medium passenger or fishing-vessel model class.,GitHub preview/model filename,https://github.com/KateHwang0929/shipwreck-sonar-ai/tree/main/3d%20modeling,Cosmos_ship,GitHub project inventory and model metadata,https://github.com/KateHwang0929/shipwreck-sonar-ai/tree/main/3d%20modeling,No authoritative vessel identity was matched from the filename alone. Dimensions are simulation-scale estimates.,Matched to current repository model filename,m
modern_ship_064,Modern Ship,Dongsheng.jpg,3d modeling/shipwreck/preview_images/Dongsheng.jpg,Dongsheng.fbx,3d modeling/shipwreck/original_models/Dongsheng.fbx,dongsheng,1,single project model,둥성호(파일명 음역),Dongsheng,Unverified modern shipwreck,,,"Reported, derived, or approximate dimensions as labeled",60.0,85.0,11.0,15.0,6.0,10.0,,,,,,,,,,,,,,,,,,,85.0,15.0,10.0,Approximate; authoritative vessel match not found,Low,Broad envelope based on a medium general-cargo or fishing-vessel model class.,GitHub preview/model filename,https://github.com/KateHwang0929/shipwreck-sonar-ai/tree/main/3d%20modeling,Dongsheng,GitHub project inventory and model metadata,https://github.com/KateHwang0929/shipwreck-sonar-ai/tree/main/3d%20modeling,"Korean name is a phonetic rendering of the filename, not a verified registered vessel name.",Matched to current repository model filename,m
modern_ship_065,Modern Ship,Responder_ship1.jpg,3d modeling/shipwreck/preview_images/Responder_ship1.jpg,Responder_ship1.fbx,3d modeling/shipwreck/original_models/Responder_ship1.fbx,responder,1,Responder_ship1,리스폰더호,Responder,Cable layer / wreck reference,,,"Reported, derived, or approximate dimensions as labeled",105.8,105.8,20.0,20.0,15.0,20.0,,,,,,,,,,,,,,,,,7.7,6298.0,105.8,20.0,20.0,Mixed exact vessel particulars and estimated total height,Medium,"Length, beam and GT are sourced. Total model height is estimated from cable-layer superstructure proportions.","VesselFinder: RESPONDER, IMO 9215206",https://www.vesselfinder.com/vessels/details/9215206,IMO 9215206,GitHub project inventory and model metadata,https://github.com/KateHwang0929/shipwreck-sonar-ai/tree/main/3d%20modeling,Reference draught 7.7 m is from a secondary vessel listing and is not total height.,Matched to current repository model filename,m
modern_ship_066,Modern Ship,Shineline8_ship1.jpg,3d modeling/shipwreck/preview_images/Shineline8_ship1.jpg,Shineline8_ship1.fbx,3d modeling/shipwreck/original_models/Shineline8_ship1.fbx,shineline8,1,single project model,샤인라인 8호,Shineline 8,Unverified modern shipwreck,,,"Reported, derived, or approximate dimensions as labeled",55.0,75.0,10.0,13.0,6.0,9.0,,,,,,,,,,,,,,,,,,,75.0,13.0,9.0,Approximate; authoritative vessel match not found,Low,Broad envelope based on a medium coastal cargo-vessel model class.,GitHub preview/model filename,https://github.com/KateHwang0929/shipwreck-sonar-ai/tree/main/3d%20modeling,Shineline8_ship1,GitHub project inventory and model metadata,https://github.com/KateHwang0929/shipwreck-sonar-ai/tree/main/3d%20modeling,No authoritative vessel identity was matched from the filename alone. Dimensions are simulation-scale estimates.,Matched to current repository model filename,m
modern_ship_067,Modern Ship,Tianyun_ship1.jpg,3d modeling/shipwreck/preview_images/Tianyun_ship1.jpg,Tianyun_ship1.fbx,3d modeling/shipwreck/original_models/Tianyun_ship1.fbx,tianyun,1,variant 1,톈윈호(파일명 음역),Tianyun,Unverified modern shipwreck,,,"Reported, derived, or approximate dimensions as labeled",80.0,110.0,14.0,18.0,8.0,12.0,,,,,,,,,,,,,,,,,,,110.0,18.0,12.0,Approximate; authoritative vessel match not found,Low,Broad envelope based on a medium general-cargo vessel model class.,GitHub preview/model filenames,https://github.com/KateHwang0929/shipwreck-sonar-ai/tree/main/3d%20modeling,Tianyun_ship1/2,GitHub project inventory and model metadata,https://github.com/KateHwang0929/shipwreck-sonar-ai/tree/main/3d%20modeling,"Korean name is a phonetic rendering of the filename, not a verified registered vessel name.",Matched to current repository model filename,m
modern_ship_068,Modern Ship,Tianyun_ship2.jpg,3d modeling/shipwreck/preview_images/Tianyun_ship2.jpg,Tianyun_ship2.fbx,3d modeling/shipwreck/original_models/Tianyun_ship2.fbx,tianyun,2,variant 2,톈윈호(파일명 음역),Tianyun,Unverified modern shipwreck,,,"Reported, derived, or approximate dimensions as labeled",80.0,110.0,14.0,18.0,8.0,12.0,,,,,,,,,,,,,,,,,,,110.0,18.0,12.0,Approximate; authoritative vessel match not found,Low,Broad envelope based on a medium general-cargo vessel model class.,GitHub preview/model filenames,https://github.com/KateHwang0929/shipwreck-sonar-ai/tree/main/3d%20modeling,Tianyun_ship1/2,GitHub project inventory and model metadata,https://github.com/KateHwang0929/shipwreck-sonar-ai/tree/main/3d%20modeling,"Korean name is a phonetic rendering of the filename, not a verified registered vessel name.",Matched to current repository model filename,m
modern_ship_069,Modern Ship,keumyang6.jpg,3d modeling/shipwreck/preview_images/keumyang6.jpg,keumyang6.fbx,3d modeling/shipwreck/original_models/keumyang6.fbx,keumyang6,1,wreck reference model,금양6호,Keumyang No. 6,General cargo ship / modern wreck,Sank in 2023,"제주 서귀포시 마라도 해상 / Off Marado, Seogwipo, Jeju","Reported, derived, or approximate dimensions as labeled",75.0,90.0,12.0,15.0,7.0,10.0,,,,,,,,,,,,,,,,,,1959.0,90.0,15.0,10.0,Approximate dimensions; exact GT and ship type sourced,Low,"Envelope estimated from typical 1,900–2,000 GT general-cargo ship proportions.",Ministry of the Interior and Safety: Keumyang No. 6 flooding accident,https://www.mois.go.kr/frt/bbs/type010/commonSelectBoardArticle.do?bbsId=BBSMSTR_000000000008&nttId=107161,"1,959 GT general cargo ship",GitHub project inventory and model metadata,https://github.com/KateHwang0929/shipwreck-sonar-ai/tree/main/3d%20modeling,Exact vessel dimensions were not located in the reviewed public sources; the spreadsheet keeps the estimate visibly labeled.,Matched to current repository model filename,m
archaeological_ship_070,Archaeological Ship,dallido_ship_reconstructed.jpg,3d modeling/shipwreck/preview_images/dallido_ship_reconstructed.jpg,,,dallido,1,estimated reconstruction,달리도선,Dallido Shipwreck,Archaeological shipwreck,고려시대 / Goryeo period,"전라남도 목포시 달리도 해역 / Dallido waters, Mokpo","Reported, derived, or approximate dimensions as labeled",12.0,12.0,3.6,3.6,1.6,1.6,,,,,,,,,,,,,,,,,,,12.0,3.6,1.6,Estimated reconstruction dimensions,Medium,Reconstruction target dimensions from the maritime heritage research record.,National Research Institute of Maritime Heritage: Dallido Shipwreck,https://www.seamuse.go.kr/research/shipwreck_research/info/82,research record 82,GitHub project inventory and model metadata,https://github.com/KateHwang0929/shipwreck-sonar-ai/tree/main/3d%20modeling,A matching reconstructed FBX was not found in the current original_models inventory.,No matching model file found,m
archaeological_ship_071,Archaeological Ship,dallido_ship_remaining_hull.JPG,3d modeling/shipwreck/preview_images/dallido_ship_remaining_hull.JPG,dallido_ship_remaining_hull.fbx,3d modeling/shipwreck/original_models/dallido_ship_remaining_hull.fbx,dallido,2,remaining hull,달리도선,Dallido Shipwreck,Archaeological shipwreck,고려시대 / Goryeo period,"전라남도 목포시 달리도 해역 / Dallido waters, Mokpo",Reported dimensions,10.5,10.5,2.72,2.72,0.8,0.8,,,,,,,,,,,,,,,,,,,10.5,2.72,0.8,Reported/metadata dimensions,High,,National Research Institute of Maritime Heritage: Dallido Shipwreck,https://www.seamuse.go.kr/research/shipwreck_research/info/82,research record 82,GitHub project inventory and model metadata,https://github.com/KateHwang0929/shipwreck-sonar-ai/tree/main/3d%20modeling,Remaining hull dimensions.,Matched to current repository model filename,m
archaeological_ship_072,Archaeological Ship,mado_1_ship_reconstructed.png,3d modeling/shipwreck/preview_images/mado_1_ship_reconstructed.png,mado_1_ship_reconstructed.fbx,3d modeling/shipwreck/original_models/mado_1_ship_reconstructed.fbx,mado1,1,full reconstruction,마도1호선,Mado No. 1 Shipwreck,Archaeological shipwreck,고려 13세기 초 / Early 13th-century Goryeo,"충청남도 태안군 마도 해역 / Mado waters, Taean",Reported dimensions,15.5,15.5,6.5,6.5,3.2,3.2,,,,,,,,,,,,,,,,,,,15.5,6.5,3.2,Reconstruction dimensions,Medium-High,,National Research Institute of Maritime Heritage: Mado No. 1,https://www.seamuse.go.kr/research/shipwreck_research/info/90,research record 90,GitHub project inventory and model metadata,https://github.com/KateHwang0929/shipwreck-sonar-ai/tree/main/3d%20modeling,Full reconstruction reference dimensions.,Matched to current repository model filename,m
archaeological_ship_073,Archaeological Ship,mado_1_ship_remaining_hull.jpg,3d modeling/shipwreck/preview_images/mado_1_ship_remaining_hull.jpg,mado_1_ship_remaining_hull.fbx,3d modeling/shipwreck/original_models/mado_1_ship_remaining_hull.fbx,mado1,2,remaining hull,마도1호선,Mado No. 1 Shipwreck,Archaeological shipwreck,고려 13세기 초 / Early 13th-century Goryeo,"충청남도 태안군 마도 해역 / Mado waters, Taean","Reported, derived, or approximate dimensions as labeled",10.8,10.8,3.7,3.7,1.82,1.82,,,,,,,,,,,,,,,,,,,10.8,3.7,1.82,Mixed reported and derived dimensions,Medium,"Height = 3.2 × 3.7 ÷ 6.5, using the reconstruction's height-to-width ratio.",National Research Institute of Maritime Heritage: Mado No. 1,https://www.seamuse.go.kr/research/shipwreck_research/info/90,research record 90,GitHub project inventory and model metadata,https://github.com/KateHwang0929/shipwreck-sonar-ai/tree/main/3d%20modeling,Length and width are reported; height is a proportional estimate.,Matched to current repository model filename,m
archaeological_ship_074,Archaeological Ship,sibidongpado_ship_reconstructed.png,3d modeling/shipwreck/preview_images/sibidongpado_ship_reconstructed.png,sibidongpado_ship_reconstructed.fbx,3d modeling/shipwreck/original_models/sibidongpado_ship_reconstructed.fbx,sibidongpado,1,full reconstruction,십이동파도선,Sibidongpado Shipwreck,Archaeological shipwreck,고려 12세기 / 12th-century Goryeo,"전북 군산시 십이동파도 해역 / Sibidongpado waters, Gunsan","Reported, derived, or approximate dimensions as labeled",14.5,14.5,5.21,5.21,2.08,2.08,,,,,,,,,,,,,,,,,,,14.5,5.21,2.08,Estimated reconstruction dimensions,Medium,,National Research Institute of Maritime Heritage: Sibidongpado Shipwreck,https://www.seamuse.go.kr/research/shipwreck_research/info/91,research record 91,GitHub project inventory and model metadata,https://github.com/KateHwang0929/shipwreck-sonar-ai/tree/main/3d%20modeling,The source describes 2.08 m as hull depth.,Matched to current repository model filename,m
archaeological_ship_075,Archaeological Ship,sibidongpado_ship_remaining_hull.jpg,3d modeling/shipwreck/preview_images/sibidongpado_ship_remaining_hull.jpg,sibidongpado_ship_remaining_hull.fbx,3d modeling/shipwreck/original_models/sibidongpado_ship_remaining_hull.fbx,sibidongpado,2,remaining hull,십이동파도선,Sibidongpado Shipwreck,Archaeological shipwreck,고려 12세기 / 12th-century Goryeo,"전북 군산시 십이동파도 해역 / Sibidongpado waters, Gunsan","Reported, derived, or approximate dimensions as labeled",7.0,7.0,2.7,2.7,1.08,1.08,,,,,,,,,,,,,,,,,,,7.0,2.7,1.08,Mixed reported and derived dimensions,Medium,"Height = 2.08 × 2.7 ÷ 5.21, using the reconstruction's depth-to-width ratio.",National Research Institute of Maritime Heritage: Sibidongpado Shipwreck,https://www.seamuse.go.kr/research/shipwreck_research/info/91,research record 91,GitHub project inventory and model metadata,https://github.com/KateHwang0929/shipwreck-sonar-ai/tree/main/3d%20modeling,Length and width are reported; height is a proportional estimate.,Matched to current repository model filename,m
historical_ship_076,Historical Ship,turtleship1.png,3d modeling/shipwreck/preview_images/turtleship1.png,turtleship1.fbx,3d modeling/shipwreck/original_models/turtleship1.fbx,turtleship,1,visual reconstruction variant 1,거북선,Turtle Ship,Historical reconstruction/reference,조선시대 / Joseon period,,"Reported, derived, or approximate dimensions as labeled",34.2,34.2,10.3,10.3,6.4,6.4,,,,,,,,,,,,,,,,,,,34.2,10.3,6.4,Approximate reconstruction dimensions,Medium,Historical cheok-based restoration dimensions converted to meters and rounded for simulation scale.,Korean History Archive / e-History: Turtle Ship reference,https://www.ehistory.go.kr/view/movie?mediadtl=21490&mediaid=10257&mediasrcgbn=KV,113 cheok × 34 cheok × 21 cheok restoration reference,GitHub project inventory and model metadata,https://github.com/KateHwang0929/shipwreck-sonar-ai/tree/main/3d%20modeling,"Historical reference model, not an excavated shipwreck.",Matched to current repository model filename,m
historical_ship_077,Historical Ship,turtleship2.png,3d modeling/shipwreck/preview_images/turtleship2.png,turtleship2.fbx,3d modeling/shipwreck/original_models/turtleship2.fbx,turtleship,2,visual reconstruction variant 2,거북선,Turtle Ship,Historical reconstruction/reference,조선시대 / Joseon period,,"Reported, derived, or approximate dimensions as labeled",34.2,34.2,10.3,10.3,6.4,6.4,,,,,,,,,,,,,,,,,,,34.2,10.3,6.4,Approximate reconstruction dimensions,Medium,Historical cheok-based restoration dimensions converted to meters and rounded for simulation scale.,Korean History Archive / e-History: Turtle Ship reference,https://www.ehistory.go.kr/view/movie?mediadtl=21490&mediaid=10257&mediasrcgbn=KV,113 cheok × 34 cheok × 21 cheok restoration reference,GitHub project inventory and model metadata,https://github.com/KateHwang0929/shipwreck-sonar-ai/tree/main/3d%20modeling,"Historical reference model, not an excavated shipwreck.",Matched to current repository model filename,m
historical_ship_078,Historical Ship,turtleship3.png,3d modeling/shipwreck/preview_images/turtleship3.png,turtleship3.fbx,3d modeling/shipwreck/original_models/turtleship3.fbx,turtleship,3,visual reconstruction variant 3,거북선,Turtle Ship,Historical reconstruction/reference,조선시대 / Joseon period,,"Reported, derived, or approximate dimensions as labeled",34.2,34.2,10.3,10.3,6.4,6.4,,,,,,,,,,,,,,,,,,,34.2,10.3,6.4,Approximate reconstruction dimensions,Medium,Historical cheok-based restoration dimensions converted to meters and rounded for simulation scale.,Korean History Archive / e-History: Turtle Ship reference,https://www.ehistory.go.kr/view/movie?mediadtl=21490&mediaid=10257&mediasrcgbn=KV,113 cheok × 34 cheok × 21 cheok restoration reference,GitHub project inventory and model metadata,https://github.com/KateHwang0929/shipwreck-sonar-ai/tree/main/3d%20modeling,"Historical reference model, not an excavated shipwreck.",Matched to current repository model filename,m
historical_ship_079,Historical Ship,turtleship4.png,3d modeling/shipwreck/preview_images/turtleship4.png,turtleship4.fbx,3d modeling/shipwreck/original_models/turtleship4.fbx,turtleship,4,visual reconstruction variant 4,거북선,Turtle Ship,Historical reconstruction/reference,조선시대 / Joseon period,,"Reported, derived, or approximate dimensions as labeled",34.2,34.2,10.3,10.3,6.4,6.4,,,,,,,,,,,,,,,,,,,34.2,10.3,6.4,Approximate reconstruction dimensions,Medium,Historical cheok-based restoration dimensions converted to meters and rounded for simulation scale.,Korean History Archive / e-History: Turtle Ship reference,https://www.ehistory.go.kr/view/movie?mediadtl=21490&mediaid=10257&mediasrcgbn=KV,113 cheok × 34 cheok × 21 cheok restoration reference,GitHub project inventory and model metadata,https://github.com/KateHwang0929/shipwreck-sonar-ai/tree/main/3d%20modeling,"Historical reference model, not an excavated shipwreck.",Matched to current repository model filename,m
